{
  "rtt_mean": 67.54636363636364,
  "rtt_std": 6.895669162499981,
  "heartbeat_mean": 0.9840727272727272,
  "heartbeat_std": 0.08397946277721814,
  "packet_loss_mean": 0.02434909090909091,
  "packet_loss_std": 0.0034389313977235946,
  "video_delay_mean": 0.7224727272727273,
  "video_delay_std": 0.16485592526286746,
  "log_delay_mean": 0.35112727272727257,
  "log_delay_std": 0.10965451714960557,
  "imu_mean": 0.3018181818181818,
  "imu_std": 0.024036446792543496
}